<?xml version="1.0" encoding="UTF-8"?>
<!-- Date 15th March 2013 2.5v xml -->
<DBCONNECTION_CBS>
	<SYSTEM id="Online_Outgoing_Payments">
		<XREF>PLDBC001</XREF>
		<DESCPRITION>Online Outgoing Payments</DESCPRITION>
		<DB1>PROLINE</DB1>
		<DB1USR>EEFC7</DB1USR>
		<PQ>select * from emp</PQ>
		<PQEX>
		</PQEX>
		<PQWC> cod_rectype </PQWC>
		<PQWCOP> =</PQWCOP>
		<PQWCPRIFIX> '</PQWCPRIFIX>
		<PQWCMP>UPLOAD_CPMNT</PQWCMP>
		<PQWCSUFFIX>' </PQWCSUFFIX>
		<PQC1>
		</PQC1>
		<PQC1OP>
		</PQC1OP>
		<PQC1PRIFIX>
		</PQC1PRIFIX>
		<PQC1MP>
		</PQC1MP>
		<PQC1SUFFIX>
		</PQC1SUFFIX>
		<PQC2>
		</PQC2>
		<PQC2OP>
		</PQC2OP>
		<PQC2PRIFIX>
		</PQC2PRIFIX>
		<PQC2MP>
		</PQC2MP>
		<PQC2SUFFIX>
		</PQC2SUFFIX>
		<PQC3>
		</PQC3>
		<PQC3OP>
		</PQC3OP>
		<PQC3PRIFIX>
		</PQC3PRIFIX>
		<PQC3MP>
		</PQC3MP>
		<PQC3SUFFIX>
		</PQC3SUFFIX>
		<PQC4>
		</PQC4>
		<PQC4OP>
		</PQC4OP>
		<PQC4PRIFIX>
		</PQC4PRIFIX>
		<PQC4MP>
		</PQC4MP>
		<PQC4SUFFIX>
		</PQC4SUFFIX>
		<PQC5>
		</PQC5>
		<PQC5OP>
		</PQC5OP>
		<PQC5PRIFIX>
		</PQC5PRIFIX>
		<PQC5MP>
		</PQC5MP>
		<PQC5SUFFIX>
		</PQC5SUFFIX>
		<DB2>PROLINE</DB2>
		<DB2USR>EEFC7</DB2USR>
		<DQ1>SELECT * FROM MSTM_COM_PMT_IN</DQ1>
		<DQ1EX>
		</DQ1EX>
		<DQ1WC> EXT_REF_NO </DQ1WC>
		<DQ1WCOP>=</DQ1WCOP>
		<DQ1WCPRIFIX> '</DQ1WCPRIFIX>
		<DQ1WCMP>4</DQ1WCMP>
		<DQ1WCSUFFIX>' </DQ1WCSUFFIX>
		<DQ1C1>
		</DQ1C1>
		<DQ1C1OP>
		</DQ1C1OP>
		<DQ1C1PRIFIX>
		</DQ1C1PRIFIX>
		<DQ1C1MP>
		</DQ1C1MP>
		<DQ1C1SUFFIX>
		</DQ1C1SUFFIX>
		<DQ1C2>
		</DQ1C2>
		<DQ1C2OP>=</DQ1C2OP>
		<DQ1C2PRIFIX>'</DQ1C2PRIFIX>
		<DQ1C2MP>
		</DQ1C2MP>
		<DQ1C2SUFFIX>'</DQ1C2SUFFIX>
		<DQ1C3>
		</DQ1C3>
		<DQ1C3OP>=</DQ1C3OP>
		<DQ1C3PRIFIX>'</DQ1C3PRIFIX>
		<DQ1C3MP>
		</DQ1C3MP>
		<DQ1C3SUFFIX>'</DQ1C3SUFFIX>
		<DQ1C4>
		</DQ1C4>
		<DQ1C4OP>=</DQ1C4OP>
		<DQ1C4PRIFIX>'</DQ1C4PRIFIX>
		<DQ1C4MP>
		</DQ1C4MP>
		<DQ1C4SUFFIX>'</DQ1C4SUFFIX>
		<DQ1C5>
		</DQ1C5>
		<DQ1C5OP>=</DQ1C5OP>
		<DQ1C5PRIFIX>'</DQ1C5PRIFIX>
		<DQ1C5MP>
		</DQ1C5MP>
		<DQ1C5SUFFIX>'</DQ1C5SUFFIX>
		<DB3>PROLINE</DB3>
		<DB3USR>EEFC7</DB3USR>
		<DQ2>SELECT CONTRACT_REF_NO FROM PCTB_CONTRACT_MASTER </DQ2>
		<DQ2EX>
		</DQ2EX>
		<DQ2WC> CONTRACT_REF_NO </DQ2WC>
		<DQ2WCOP>=</DQ2WCOP>
		<DQ2WCPRIFIX> '</DQ2WCPRIFIX>
		<DQ2WCMP>8</DQ2WCMP>
		<DQ2WCSUFFIX>' </DQ2WCSUFFIX>
		<DQ2C1> UNION SELECT CONTRACT_REF_NO FROM FTTB_CONTRACT_MASTER </DQ2C1>
		<DQ2C1OP> = </DQ2C1OP>
		<DQ2C1PRIFIX> '</DQ2C1PRIFIX>
		<DQ2C1MP>8</DQ2C1MP>
		<DQ2C1SUFFIX>' </DQ2C1SUFFIX>
		<DQ2C2>
		</DQ2C2>
		<DQ2C2OP>
		</DQ2C2OP>
		<DQ2C2PRIFIX>
		</DQ2C2PRIFIX>
		<DQ2C2MP>
		</DQ2C2MP>
		<DQ2C2SUFFIX>
		</DQ2C2SUFFIX>
		<DQ2C3>
		</DQ2C3>
		<DQ2C3OP>
		</DQ2C3OP>
		<DQ2C3PRIFIX>
		</DQ2C3PRIFIX>
		<DQ2C3MP>
		</DQ2C3MP>
		<DQ2C3SUFFIX>
		</DQ2C3SUFFIX>
		<DQ2C4>
		</DQ2C4>
		<DQ2C4OP>
		</DQ2C4OP>
		<DQ2C4PRIFIX>
		</DQ2C4PRIFIX>
		<DQ2C4MP>
		</DQ2C4MP>
		<DQ2C4SUFFIX>
		</DQ2C4SUFFIX>
		<DQ2C5>
		</DQ2C5>
		<DQ2C5OP>
		</DQ2C5OP>
		<DQ2C5PRIFIX>
		</DQ2C5PRIFIX>
		<DQ2C5MP>
		</DQ2C5MP>
		<DQ2C5SUFFIX>
		</DQ2C5SUFFIX>
		<DB4>PROLINE</DB4>
		<DB4USR>PROLINE</DB4USR>
		<DQ3>select * from prosyssols_manager</DQ3>
		<DQ3EX> ORDER BY MGR_ID</DQ3EX>
		<DQ3WC>MGR_ID</DQ3WC>
		<DQ3WCOP>=</DQ3WCOP>
		<DQ3WCPRIFIX>
		</DQ3WCPRIFIX>
		<DQ3WCMP>3</DQ3WCMP>
		<DQ3WCSUFFIX>
		</DQ3WCSUFFIX>
		<DQ3C1>
		</DQ3C1>
		<DQ3C1OP>
		</DQ3C1OP>
		<DQ3C1PRIFIX>
		</DQ3C1PRIFIX>
		<DQ3C1MP>
		</DQ3C1MP>
		<DQ3C1SUFFIX>'</DQ3C1SUFFIX>
		<DQ3C2>
		</DQ3C2>
		<DQ3C2OP>=</DQ3C2OP>
		<DQ3C2PRIFIX>'</DQ3C2PRIFIX>
		<DQ3C2MP>
		</DQ3C2MP>
		<DQ3C2SUFFIX>'</DQ3C2SUFFIX>
		<DQ3C3>
		</DQ3C3>
		<DQ3C3OP>=</DQ3C3OP>
		<DQ3C3PRIFIX>'</DQ3C3PRIFIX>
		<DQ3C3MP>
		</DQ3C3MP>
		<DQ3C3SUFFIX>'</DQ3C3SUFFIX>
		<DQ3C4>
		</DQ3C4>
		<DQ3C4OP>=</DQ3C4OP>
		<DQ3C4PRIFIX>'</DQ3C4PRIFIX>
		<DQ3C4MP>
		</DQ3C4MP>
		<DQ3C4SUFFIX>'</DQ3C4SUFFIX>
		<DQ3C5>
		</DQ3C5>
		<DQ3C5OP>=</DQ3C5OP>
		<DQ3C5PRIFIX>'</DQ3C5PRIFIX>
		<DQ3C5MP>
		</DQ3C5MP>
		<DQ3C5SUFFIX>'</DQ3C5SUFFIX>
		<DB5>PROLINE</DB5>
		<DB5USR>PROLINE</DB5USR>
		<DQ4>SELECT * from PROSYSSOLS_TEST</DQ4>
		<DQ4EX> ORDER BY EMP_CODE</DQ4EX>
		<DQ4WC>
		</DQ4WC>
		<DQ4WCOP>=</DQ4WCOP>
		<DQ4WCPRIFIX>
		</DQ4WCPRIFIX>
		<DQ4WCMP>0</DQ4WCMP>
		<DQ4WCSUFFIX>
		</DQ4WCSUFFIX>
		<DQ4C1>XYZ</DQ4C1>
		<DQ4C1OP>=</DQ4C1OP>
		<DQ4C1PRIFIX>'</DQ4C1PRIFIX>
		<DQ4C1MP>5</DQ4C1MP>
		<DQ4C1SUFFIX>'</DQ4C1SUFFIX>
		<DQ4C2>XYZ </DQ4C2>
		<DQ4C2OP>=</DQ4C2OP>
		<DQ4C2PRIFIX>'</DQ4C2PRIFIX>
		<DQ4C2MP>5</DQ4C2MP>
		<DQ4C2SUFFIX>'</DQ4C2SUFFIX>
		<DQ4C3>XYZ </DQ4C3>
		<DQ4C3OP>=</DQ4C3OP>
		<DQ4C3PRIFIX>'</DQ4C3PRIFIX>
		<DQ4C3MP>5</DQ4C3MP>
		<DQ4C3SUFFIX>'</DQ4C3SUFFIX>
		<DQ4C4>XYZ</DQ4C4>
		<DQ4C4OP>=</DQ4C4OP>
		<DQ4C4PRIFIX>'</DQ4C4PRIFIX>
		<DQ4C4MP>5</DQ4C4MP>
		<DQ4C4SUFFIX>'</DQ4C4SUFFIX>
		<DQ4C5>XYZ</DQ4C5>
		<DQ4C5OP>=</DQ4C5OP>
		<DQ4C5PRIFIX>'</DQ4C5PRIFIX>
		<DQ4C5MP>5</DQ4C5MP>
		<DQ4C5SUFFIX>'</DQ4C5SUFFIX>
		<DB6>PROLINE</DB6>
		<DB6USR>PROLINE</DB6USR>
		<DQ5>SELECT * from PROSYSSOLS_TEST</DQ5>
		<DQ5EX> ORDER BY EMP_CODE</DQ5EX>
		<DQ5WC>
		</DQ5WC>
		<DQ5WCOP>=</DQ5WCOP>
		<DQ5WCPRIFIX>
		</DQ5WCPRIFIX>
		<DQ5WCMP>0</DQ5WCMP>
		<DQ5WCSUFFIX>
		</DQ5WCSUFFIX>
		<DQ5C1>XYZ</DQ5C1>
		<DQ5C1OP>=</DQ5C1OP>
		<DQ5C1PRIFIX>'</DQ5C1PRIFIX>
		<DQ5C1MP>5</DQ5C1MP>
		<DQ5C1SUFFIX>'</DQ5C1SUFFIX>
		<DQ5C2>XYZ </DQ5C2>
		<DQ5C2OP>=</DQ5C2OP>
		<DQ5C2PRIFIX>'</DQ5C2PRIFIX>
		<DQ5C2MP>5</DQ5C2MP>
		<DQ5C2SUFFIX>'</DQ5C2SUFFIX>
		<DQ5C3>XYZ </DQ5C3>
		<DQ5C3OP>=</DQ5C3OP>
		<DQ5C3PRIFIX>'</DQ5C3PRIFIX>
		<DQ5C3MP>5</DQ5C3MP>
		<DQ5C3SUFFIX>'</DQ5C3SUFFIX>
		<DQ5C4>XYZ</DQ5C4>
		<DQ5C4OP>=</DQ5C4OP>
		<DQ5C4PRIFIX>'</DQ5C4PRIFIX>
		<DQ5C4MP>5</DQ5C4MP>
		<DQ5C4SUFFIX>'</DQ5C4SUFFIX>
		<DQ5C5>XYZ</DQ5C5>
		<DQ5C5OP>=</DQ5C5OP>
		<DQ5C5PRIFIX>'</DQ5C5PRIFIX>
		<DQ5C5MP>5</DQ5C5MP>
		<DQ5C5SUFFIX>'</DQ5C5SUFFIX>
		<MODIFIEDDATE>2011-08-22</MODIFIEDDATE>
		<MODIFIEDBY>2036-07-31</MODIFIEDBY>
	</SYSTEM>
	<SYSTEM id="FC">
		<XREF>PLDBC002</XREF>
		<DESCPRITION>Jobs executing in the system</DESCPRITION>
		<DB1>PROLINE</DB1>
		<DB1USR>HBOSIMPLESUP</DB1USR>
		<PQ>SELECT * FROM DBA_SCHEDULER_JOBS WHERE OWNER ='EEFC7' AND STATE
			='RUNNING'
		</PQ>
		<PQEX>
		</PQEX>
		<PQWC>
		</PQWC>
		<PQWCOP> =</PQWCOP>
		<PQWCPRIFIX>'</PQWCPRIFIX>
		<PQWCMP>0</PQWCMP>
		<PQWCSUFFIX>'</PQWCSUFFIX>
		<PQC1>YYYYY</PQC1>
		<PQC1OP>=</PQC1OP>
		<PQC1PRIFIX>
		</PQC1PRIFIX>
		<PQC1MP>4</PQC1MP>
		<PQC1SUFFIX>
		</PQC1SUFFIX>
		<PQC2>dept_id </PQC2>
		<PQC2OP>=</PQC2OP>
		<PQC2PRIFIX>'</PQC2PRIFIX>
		<PQC2MP>5</PQC2MP>
		<PQC2SUFFIX>'</PQC2SUFFIX>
		<PQC3>location_id</PQC3>
		<PQC3OP>=</PQC3OP>
		<PQC3PRIFIX>'</PQC3PRIFIX>
		<PQC3MP>4</PQC3MP>
		<PQC3SUFFIX>'</PQC3SUFFIX>
		<PQC4>status</PQC4>
		<PQC4OP>=</PQC4OP>
		<PQC4PRIFIX>'</PQC4PRIFIX>
		<PQC4MP>5</PQC4MP>
		<PQC4SUFFIX>'</PQC4SUFFIX>
		<PQC5>YYYY</PQC5>
		<PQC5OP>=</PQC5OP>
		<PQC5PRIFIX>'</PQC5PRIFIX>
		<PQC5MP>5</PQC5MP>
		<PQC5SUFFIX>'</PQC5SUFFIX>

		<DB2>PROLINE</DB2>
		<DB2USR>PROLINE</DB2USR>
		<DQ1> SELECT last_start_date-start_date DURATION,JOB_NAME FROM
			DBA_SCHEDULER_JOBS
		</DQ1>
		<DQ1EX>
		</DQ1EX>
		<DQ1WC> OWNER </DQ1WC>
		<DQ1WCOP>=</DQ1WCOP>
		<DQ1WCPRIFIX> '</DQ1WCPRIFIX>
		<DQ1WCMP>0</DQ1WCMP>
		<DQ1WCSUFFIX>' </DQ1WCSUFFIX>
		<DQ1C1> STATE </DQ1C1>
		<DQ1C1OP>=</DQ1C1OP>
		<DQ1C1PRIFIX> '</DQ1C1PRIFIX>
		<DQ1C1MP>29</DQ1C1MP>
		<DQ1C1SUFFIX>' </DQ1C1SUFFIX>
		<DQ1C2>JOB_NAME</DQ1C2>
		<DQ1C2OP>=</DQ1C2OP>
		<DQ1C2PRIFIX>'</DQ1C2PRIFIX>
		<DQ1C2MP>1</DQ1C2MP>
		<DQ1C2SUFFIX>' </DQ1C2SUFFIX>
		<DQ1C3>XYZ </DQ1C3>
		<DQ1C3OP>=</DQ1C3OP>
		<DQ1C3PRIFIX>'</DQ1C3PRIFIX>
		<DQ1C3MP>5</DQ1C3MP>
		<DQ1C3SUFFIX>'</DQ1C3SUFFIX>
		<DQ1C4>XYZ</DQ1C4>
		<DQ1C4OP>=</DQ1C4OP>
		<DQ1C4PRIFIX>'</DQ1C4PRIFIX>
		<DQ1C4MP>5</DQ1C4MP>
		<DQ1C4SUFFIX>'</DQ1C4SUFFIX>
		<DQ1C5>XYZ</DQ1C5>
		<DQ1C5OP>=</DQ1C5OP>
		<DQ1C5PRIFIX>'</DQ1C5PRIFIX>
		<DQ1C5MP>5</DQ1C5MP>
		<DQ1C5SUFFIX>'</DQ1C5SUFFIX>
		<DB3>PROLINE</DB3>
		<DB3USR>PROLINE</DB3USR>
		<DQ2>
		</DQ2>
		<DQ2EX>
		</DQ2EX>
		<DQ2WC>
		</DQ2WC>
		<DQ2WCOP>=</DQ2WCOP>
		<DQ2WCPRIFIX>
		</DQ2WCPRIFIX>
		<DQ2WCMP>0</DQ2WCMP>
		<DQ2WCSUFFIX>
		</DQ2WCSUFFIX>
		<DQ2C1>XYZ</DQ2C1>
		<DQ2C1OP>=</DQ2C1OP>
		<DQ2C1PRIFIX>'</DQ2C1PRIFIX>
		<DQ2C1MP>5</DQ2C1MP>
		<DQ2C1SUFFIX>'</DQ2C1SUFFIX>
		<DQ2C2>XYZ </DQ2C2>
		<DQ2C2OP>=</DQ2C2OP>
		<DQ2C2PRIFIX>'</DQ2C2PRIFIX>
		<DQ2C2MP>5</DQ2C2MP>
		<DQ2C2SUFFIX>'</DQ2C2SUFFIX>
		<DQ2C3>XYZ </DQ2C3>
		<DQ2C3OP>=</DQ2C3OP>
		<DQ2C3PRIFIX>'</DQ2C3PRIFIX>
		<DQ2C3MP>5</DQ2C3MP>
		<DQ2C3SUFFIX>'</DQ2C3SUFFIX>
		<DQ2C4>XYZ</DQ2C4>
		<DQ2C4OP>=</DQ2C4OP>
		<DQ2C4PRIFIX>'</DQ2C4PRIFIX>
		<DQ2C4MP>5</DQ2C4MP>
		<DQ2C4SUFFIX>'</DQ2C4SUFFIX>
		<DQ2C5>XYZ</DQ2C5>
		<DQ2C5OP>=</DQ2C5OP>
		<DQ2C5PRIFIX>'</DQ2C5PRIFIX>
		<DQ2C5MP>5</DQ2C5MP>
		<DQ2C5SUFFIX>'</DQ2C5SUFFIX>
		<DB4>PROLINE</DB4>
		<DB4USR>PROLINE</DB4USR>
		<DQ3>
		</DQ3>
		<DQ3EX>
		</DQ3EX>
		<DQ3WC>
		</DQ3WC>
		<DQ3WCOP>=</DQ3WCOP>
		<DQ3WCPRIFIX>
		</DQ3WCPRIFIX>
		<DQ3WCMP>0</DQ3WCMP>
		<DQ3WCSUFFIX>
		</DQ3WCSUFFIX>
		<DQ3C1>XYZ</DQ3C1>
		<DQ3C1OP>=</DQ3C1OP>
		<DQ3C1PRIFIX>'</DQ3C1PRIFIX>
		<DQ3C1MP>5</DQ3C1MP>
		<DQ3C1SUFFIX>'</DQ3C1SUFFIX>
		<DQ3C2>XYZ </DQ3C2>
		<DQ3C2OP>=</DQ3C2OP>
		<DQ3C2PRIFIX>'</DQ3C2PRIFIX>
		<DQ3C2MP>5</DQ3C2MP>
		<DQ3C2SUFFIX>'</DQ3C2SUFFIX>
		<DQ3C3>XYZ </DQ3C3>
		<DQ3C3OP>=</DQ3C3OP>
		<DQ3C3PRIFIX>'</DQ3C3PRIFIX>
		<DQ3C3MP>5</DQ3C3MP>
		<DQ3C3SUFFIX>'</DQ3C3SUFFIX>
		<DQ3C4>XYZ</DQ3C4>
		<DQ3C4OP>=</DQ3C4OP>
		<DQ3C4PRIFIX>'</DQ3C4PRIFIX>
		<DQ3C4MP>5</DQ3C4MP>
		<DQ3C4SUFFIX>'</DQ3C4SUFFIX>
		<DQ3C5>XYZ</DQ3C5>
		<DQ3C5OP>=</DQ3C5OP>
		<DQ3C5PRIFIX>'</DQ3C5PRIFIX>
		<DQ3C5MP>5</DQ3C5MP>
		<DQ3C5SUFFIX>'</DQ3C5SUFFIX>
		<DB5>PROLINE</DB5>
		<DB5USR>PROLINE</DB5USR>
		<DQ4>
		</DQ4>
		<DQ4EX>
		</DQ4EX>
		<DQ4WC>
		</DQ4WC>
		<DQ4WCOP>=</DQ4WCOP>
		<DQ4WCPRIFIX>
		</DQ4WCPRIFIX>
		<DQ4WCMP>0</DQ4WCMP>
		<DQ4WCSUFFIX>
		</DQ4WCSUFFIX>
		<DQ4C1>XYZ</DQ4C1>
		<DQ4C1OP>=</DQ4C1OP>
		<DQ4C1PRIFIX>'</DQ4C1PRIFIX>
		<DQ4C1MP>5</DQ4C1MP>
		<DQ4C1SUFFIX>'</DQ4C1SUFFIX>
		<DQ4C2>XYZ </DQ4C2>
		<DQ4C2OP>=</DQ4C2OP>
		<DQ4C2PRIFIX>'</DQ4C2PRIFIX>
		<DQ4C2MP>5</DQ4C2MP>
		<DQ4C2SUFFIX>'</DQ4C2SUFFIX>
		<DQ4C3>XYZ </DQ4C3>
		<DQ4C3OP>=</DQ4C3OP>
		<DQ4C3PRIFIX>'</DQ4C3PRIFIX>
		<DQ4C3MP>5</DQ4C3MP>
		<DQ4C3SUFFIX>'</DQ4C3SUFFIX>
		<DQ4C4>XYZ</DQ4C4>
		<DQ4C4OP>=</DQ4C4OP>
		<DQ4C4PRIFIX>'</DQ4C4PRIFIX>
		<DQ4C4MP>5</DQ4C4MP>
		<DQ4C4SUFFIX>'</DQ4C4SUFFIX>
		<DQ4C5>XYZ</DQ4C5>
		<DQ4C5OP>=</DQ4C5OP>
		<DQ4C5PRIFIX>'</DQ4C5PRIFIX>
		<DQ4C5MP>5</DQ4C5MP>
		<DQ4C5SUFFIX>'</DQ4C5SUFFIX>
		<DB6>PROLINE</DB6>
		<DB6USR>PROLINE</DB6USR>
		<DQ5>
		</DQ5>
		<DQ5EX> ORDER BY EMP_CODE</DQ5EX>
		<DQ5WC>
		</DQ5WC>
		<DQ5WCOP>=</DQ5WCOP>
		<DQ5WCPRIFIX>
		</DQ5WCPRIFIX>
		<DQ5WCMP>0</DQ5WCMP>
		<DQ5WCSUFFIX>
		</DQ5WCSUFFIX>
		<DQ5C1>XYZ</DQ5C1>
		<DQ5C1OP>=</DQ5C1OP>
		<DQ5C1PRIFIX>'</DQ5C1PRIFIX>
		<DQ5C1MP>5</DQ5C1MP>
		<DQ5C1SUFFIX>'</DQ5C1SUFFIX>
		<DQ5C2>XYZ </DQ5C2>
		<DQ5C2OP>=</DQ5C2OP>
		<DQ5C2PRIFIX>'</DQ5C2PRIFIX>
		<DQ5C2MP>5</DQ5C2MP>
		<DQ5C2SUFFIX>'</DQ5C2SUFFIX>
		<DQ5C3>XYZ </DQ5C3>
		<DQ5C3OP>=</DQ5C3OP>
		<DQ5C3PRIFIX>'</DQ5C3PRIFIX>
		<DQ5C3MP>5</DQ5C3MP>
		<DQ5C3SUFFIX>'</DQ5C3SUFFIX>
		<DQ5C4>XYZ</DQ5C4>
		<DQ5C4OP>=</DQ5C4OP>
		<DQ5C4PRIFIX>'</DQ5C4PRIFIX>
		<DQ5C4MP>5</DQ5C4MP>
		<DQ5C4SUFFIX>'</DQ5C4SUFFIX>
		<DQ5C5>XYZ</DQ5C5>
		<DQ5C5OP>=</DQ5C5OP>
		<DQ5C5PRIFIX>'</DQ5C5PRIFIX>
		<DQ5C5MP>5</DQ5C5MP>
		<DQ5C5SUFFIX>'</DQ5C5SUFFIX>

		<MODIFIEDDATE>2011-08-22</MODIFIEDDATE>
		<MODIFIEDBY>2036-07-31</MODIFIEDBY>
	</SYSTEM>

</DBCONNECTION_CBS>
	